{"cameraMode":{"drawMode":0,"name":"Shaded","section":"Shading Mode"},"sceneLighting":false,"audioPlay":false,"sceneViewState":{"showFog":true,"showMaterialUpdate":false,"showSkybox":true,"showFlares":true,"showImageEffects":true,"showParticleSystems":true},"in2DMode":false,"pivot":{"x":-2.5033774375915529,"y":0.04999998211860657,"z":-1.355384349822998},"rotation":{"x":0.6907262802124023,"y":0.0025261284317821266,"z":-0.0024235080927610399,"w":0.7231078147888184},"size":1.2955992221832276,"orthographic":false}