{"cameraMode":{"drawMode":0,"name":"Shaded","section":"Shading Mode"},"sceneLighting":true,"audioPlay":false,"sceneViewState":{"showFog":true,"showMaterialUpdate":false,"showSkybox":true,"showFlares":true,"showImageEffects":true,"showParticleSystems":true},"in2DMode":false,"pivot":{"x":0.7342610359191895,"y":3.9749813079833986,"z":0.1945514678955078},"rotation":{"x":-0.19588591158390046,"y":0.04794016852974892,"z":-0.009591003879904747,"w":-0.9794072508811951},"size":26.445402145385743,"orthographic":false}