{"cameraMode":{"drawMode":0,"name":"Shaded","section":"Shading Mode"},"sceneLighting":false,"audioPlay":false,"sceneViewState":{"showFog":true,"showMaterialUpdate":false,"showSkybox":true,"showFlares":true,"showImageEffects":true,"showParticleSystems":true},"in2DMode":false,"pivot":{"x":-4.3727827072143559,"y":0.31437158584594729,"z":-1.7758517265319825},"rotation":{"x":0.6716234087944031,"y":-0.01111619733273983,"z":0.010070893913507462,"w":0.7407408952713013},"size":14.194597244262696,"orthographic":false}