{"cameraMode":{"drawMode":0,"name":"Shaded","section":"Shading Mode"},"sceneLighting":true,"audioPlay":false,"sceneViewState":{"showFog":true,"showMaterialUpdate":false,"showSkybox":true,"showFlares":true,"showImageEffects":true,"showParticleSystems":true},"in2DMode":false,"pivot":{"x":0.3400000333786011,"y":0.9399999976158142,"z":-0.5199999809265137},"rotation":{"x":-0.20095297694206239,"y":-0.04014303907752037,"z":0.008231643587350846,"w":-0.9787434935569763},"size":5.0147318840026859,"orthographic":false}