{"cameraMode":{"drawMode":0,"name":"Shaded","section":"Shading Mode"},"sceneLighting":false,"audioPlay":false,"sceneViewState":{"showFog":true,"showMaterialUpdate":false,"showSkybox":true,"showFlares":true,"showImageEffects":true,"showParticleSystems":true},"in2DMode":false,"pivot":{"x":-2.509999990463257,"y":0.05000000074505806,"z":-1.2599999904632569},"rotation":{"x":0.6907262802124023,"y":0.0025261284317821266,"z":-0.0024235080927610399,"w":0.7231078147888184},"size":2.1998889446258547,"orthographic":false}