{"cameraMode":{"drawMode":0,"name":"Shaded","section":"Shading Mode"},"sceneLighting":true,"audioPlay":false,"sceneViewState":{"showFog":true,"showMaterialUpdate":false,"showSkybox":true,"showFlares":true,"showImageEffects":true,"showParticleSystems":true},"in2DMode":false,"pivot":{"x":-0.43328607082366946,"y":6.910101413726807,"z":-13.055004119873047},"rotation":{"x":0.3120613098144531,"y":0.014249336905777455,"z":-0.004681094083935022,"w":0.9499436020851135},"size":4.13430118560791,"orthographic":false}