{"cameraMode":{"drawMode":0,"name":"Shaded","section":"Shading Mode"},"sceneLighting":false,"audioPlay":false,"sceneViewState":{"showFog":true,"showMaterialUpdate":false,"showSkybox":true,"showFlares":true,"showImageEffects":true,"showParticleSystems":true},"in2DMode":false,"pivot":{"x":-2.509999990463257,"y":0.05000000074505806,"z":-1.2599999904632569},"rotation":{"x":0.19850020110607148,"y":0.1250668615102768,"z":-0.025554757565259935,"w":0.9717525243759155},"size":2.1998889446258547,"orthographic":false}