{"cameraMode":{"drawMode":0,"name":"Shaded","section":"Shading Mode"},"sceneLighting":true,"audioPlay":false,"sceneViewState":{"showFog":true,"showMaterialUpdate":false,"showSkybox":true,"showFlares":true,"showImageEffects":true,"showParticleSystems":true},"in2DMode":false,"pivot":{"x":3.0712225437164308,"y":-0.008831977844238282,"z":-0.5401837825775147},"rotation":{"x":-0.06753941625356674,"y":0.6905630230903626,"z":-0.06503432989120484,"w":-0.7171692848205566},"size":3.096912384033203,"orthographic":false}