{"cameraMode":{"drawMode":0,"name":"Shaded","section":"Shading Mode"},"sceneLighting":true,"audioPlay":false,"sceneViewState":{"showFog":true,"showMaterialUpdate":false,"showSkybox":true,"showFlares":true,"showImageEffects":true,"showParticleSystems":true},"in2DMode":false,"pivot":{"x":5.990088939666748,"y":9.264256477355957,"z":-8.068756103515625},"rotation":{"x":-0.08009535819292069,"y":0.628281831741333,"z":-0.06526089459657669,"w":-0.7710952162742615},"size":2.1998889446258547,"orthographic":false}