{"cameraMode":{"drawMode":0,"name":"Shaded","section":"Shading Mode"},"sceneLighting":false,"audioPlay":false,"sceneViewState":{"showFog":true,"showMaterialUpdate":false,"showSkybox":true,"showFlares":true,"showImageEffects":true,"showParticleSystems":true},"in2DMode":false,"pivot":{"x":-2.4552559852600099,"y":0.06547975540161133,"z":-1.1000274419784547},"rotation":{"x":0.1999170482158661,"y":0.04603101685643196,"z":-0.009409908205270768,"w":0.9786857962608337},"size":2.19988751411438,"orthographic":false}