{"cameraMode":{"drawMode":0,"name":"Shaded","section":"Shading Mode"},"sceneLighting":false,"audioPlay":false,"sceneViewState":{"showFog":true,"showMaterialUpdate":false,"showSkybox":true,"showFlares":true,"showImageEffects":true,"showParticleSystems":true},"in2DMode":false,"pivot":{"x":-2.509999990463257,"y":0.05000000074505806,"z":-1.2599999904632569},"rotation":{"x":0.2391602098941803,"y":-0.0000019932358554797249,"z":-0.000005795272500108695,"w":0.970980167388916},"size":2.1998889446258547,"orthographic":false}