{"cameraMode":{"drawMode":0,"name":"Shaded","section":"Shading Mode"},"sceneLighting":true,"audioPlay":false,"sceneViewState":{"showFog":true,"showMaterialUpdate":false,"showSkybox":true,"showFlares":true,"showImageEffects":true,"showParticleSystems":true},"in2DMode":false,"pivot":{"x":-0.8408516645431519,"y":-0.62109375,"z":-0.025475500151515008},"rotation":{"x":0.2728307545185089,"y":-0.06056009978055954,"z":0.01721108704805374,"w":0.9599998593330383},"size":18.72125816345215,"orthographic":true}