{"cameraMode":{"drawMode":0,"name":"Shaded","section":"Shading Mode"},"sceneLighting":true,"audioPlay":false,"sceneViewState":{"showFog":true,"showMaterialUpdate":false,"showSkybox":true,"showFlares":true,"showImageEffects":true,"showParticleSystems":true},"in2DMode":false,"pivot":{"x":-0.6594748497009277,"y":-7.751874923706055,"z":6.701480388641357},"rotation":{"x":0.38793978095054629,"y":-0.005529665853828192,"z":0.0023278077132999899,"w":0.9216651916503906},"size":24.26502799987793,"orthographic":false}