{"cameraMode":{"drawMode":0,"name":"Shaded","section":"Shading Mode"},"sceneLighting":true,"audioPlay":false,"sceneViewState":{"showFog":true,"showMaterialUpdate":false,"showSkybox":true,"showFlares":true,"showImageEffects":true,"showParticleSystems":true},"in2DMode":false,"pivot":{"x":0.033830493688583377,"y":-8.229424476623536,"z":19.785017013549806},"rotation":{"x":0.2231069654226303,"y":0.0014602835290133954,"z":-0.0003404880117159337,"w":0.9747928380966187},"size":39.26826858520508,"orthographic":false}