{"cameraMode":{"drawMode":0,"name":"Shaded","section":"Shading Mode"},"sceneLighting":true,"audioPlay":false,"sceneViewState":{"showFog":true,"showMaterialUpdate":false,"showSkybox":true,"showFlares":true,"showImageEffects":true,"showParticleSystems":true},"in2DMode":false,"pivot":{"x":-3.885087490081787,"y":6.676095008850098,"z":-6.416097640991211},"rotation":{"x":0.3591804504394531,"y":0.18221932649612428,"z":-0.07172618806362152,"w":0.9124916195869446},"size":1.6175382137298585,"orthographic":false}