{"cameraMode":{"drawMode":0,"name":"Shaded","section":"Shading Mode"},"sceneLighting":true,"audioPlay":false,"sceneViewState":{"showFog":true,"showMaterialUpdate":false,"showSkybox":true,"showFlares":true,"showImageEffects":true,"showParticleSystems":true},"in2DMode":false,"pivot":{"x":-1.6282737255096436,"y":3.212684154510498,"z":1.3383618593215943},"rotation":{"x":-0.3030582368373871,"y":-0.00008798495400696993,"z":0.00002734644294832833,"w":-0.9529720544815064},"size":22.0,"orthographic":false}