{"cameraMode":{"drawMode":0,"name":"Shaded","section":"Shading Mode"},"sceneLighting":false,"audioPlay":false,"sceneViewState":{"showFog":true,"showMaterialUpdate":false,"showSkybox":true,"showFlares":true,"showImageEffects":true,"showParticleSystems":true},"in2DMode":false,"pivot":{"x":-2.509000062942505,"y":0.05000000074505806,"z":-0.699999988079071},"rotation":{"x":0.5575447678565979,"y":-0.03111419454216957,"z":0.020917272195219995,"w":0.829299807548523},"size":2.0056328773498537,"orthographic":true}