{"cameraMode":{"drawMode":0,"name":"Shaded","section":"Shading Mode"},"sceneLighting":false,"audioPlay":false,"sceneViewState":{"showFog":true,"showMaterialUpdate":false,"showSkybox":true,"showFlares":true,"showImageEffects":true,"showParticleSystems":true},"in2DMode":false,"pivot":{"x":-2.509999990463257,"y":0.05000000074505806,"z":-1.2599999904632569},"rotation":{"x":0.6176068186759949,"y":0.07167219370603562,"z":-0.05667399242520332,"w":0.7811613082885742},"size":2.1998889446258547,"orthographic":false}