{"cameraMode":{"drawMode":0,"name":"Shaded","section":"Shading Mode"},"sceneLighting":false,"audioPlay":false,"sceneViewState":{"showFog":true,"showMaterialUpdate":false,"showSkybox":true,"showFlares":true,"showImageEffects":true,"showParticleSystems":true},"in2DMode":false,"pivot":{"x":-2.509999990463257,"y":0.05000000074505806,"z":-1.2599999904632569},"rotation":{"x":0.4101407825946808,"y":0.11892147362232208,"z":-0.05404551327228546,"w":0.9026191830635071},"size":1.299889087677002,"orthographic":false}